"LOCATION","INDICATOR","SUBJECT","MEASURE","FREQUENCY","TIME","Value","Flag Codes"
"AUS","ENROLMENT","AGE_17","PC_AGE","A","2013",89.698,
"AUS","ENROLMENT","AGE_17","PC_AGE","A","2014",91.439,
"AUS","ENROLMENT","AGE_17","PC_AGE","A","2015",97.712,
"AUS","ENROLMENT","AGE_17","PC_AGE","A","2016",97.517,
"AUS","ENROLMENT","AGE_17","PC_AGE","A","2017",96.935,
"AUS","ENROLMENT","AGE_17","PC_AGE","A","2018",89.49,
"AUS","ENROLMENT","AGE_17","PC_AGE","A","2019",93.571,
"AUS","ENROLMENT","AGE_17","PC_AGE","A","2020",93.65,
"AUS","ENROLMENT","AGE_18","PC_AGE","A","2013",73.88,
"AUS","ENROLMENT","AGE_18","PC_AGE","A","2014",74.777,
"AUS","ENROLMENT","AGE_18","PC_AGE","A","2015",82.944,
"AUS","ENROLMENT","AGE_18","PC_AGE","A","2016",80.745,
"AUS","ENROLMENT","AGE_18","PC_AGE","A","2017",77.962,
"AUS","ENROLMENT","AGE_18","PC_AGE","A","2018",68.628,
"AUS","ENROLMENT","AGE_18","PC_AGE","A","2019",75.695,
"AUS","ENROLMENT","AGE_18","PC_AGE","A","2020",71.706,
"AUS","ENROLMENT","AGE_19","PC_AGE","A","2013",69.911,
"AUS","ENROLMENT","AGE_19","PC_AGE","A","2014",69.923,
"AUS","ENROLMENT","AGE_19","PC_AGE","A","2015",78.044,
"AUS","ENROLMENT","AGE_19","PC_AGE","A","2016",76.587,
"AUS","ENROLMENT","AGE_19","PC_AGE","A","2017",74.28,
"AUS","ENROLMENT","AGE_19","PC_AGE","A","2018",64.363,
"AUS","ENROLMENT","AGE_19","PC_AGE","A","2019",73.065,
"AUS","ENROLMENT","AGE_19","PC_AGE","A","2020",68.527,
"AUT","ENROLMENT","AGE_17","PC_AGE","A","2013",88.599,
"AUT","ENROLMENT","AGE_17","PC_AGE","A","2014",89.16,
"AUT","ENROLMENT","AGE_17","PC_AGE","A","2015",89.204,
"AUT","ENROLMENT","AGE_17","PC_AGE","A","2016",86.831,
"AUT","ENROLMENT","AGE_17","PC_AGE","A","2017",86.632,
"AUT","ENROLMENT","AGE_17","PC_AGE","A","2018",87.348,
"AUT","ENROLMENT","AGE_17","PC_AGE","A","2019",87.949,
"AUT","ENROLMENT","AGE_17","PC_AGE","A","2020",88.231,
"AUT","ENROLMENT","AGE_18","PC_AGE","A","2013",74.026,
"AUT","ENROLMENT","AGE_18","PC_AGE","A","2014",74.123,
"AUT","ENROLMENT","AGE_18","PC_AGE","A","2015",74.637,
"AUT","ENROLMENT","AGE_18","PC_AGE","A","2016",72.917,
"AUT","ENROLMENT","AGE_18","PC_AGE","A","2017",72.428,
"AUT","ENROLMENT","AGE_18","PC_AGE","A","2018",73.259,
"AUT","ENROLMENT","AGE_18","PC_AGE","A","2019",74.344,
"AUT","ENROLMENT","AGE_18","PC_AGE","A","2020",74.321,
"AUT","ENROLMENT","AGE_19","PC_AGE","A","2013",51.187,
"AUT","ENROLMENT","AGE_19","PC_AGE","A","2014",51.637,
"AUT","ENROLMENT","AGE_19","PC_AGE","A","2015",52.294,
"AUT","ENROLMENT","AGE_19","PC_AGE","A","2016",51.687,
"AUT","ENROLMENT","AGE_19","PC_AGE","A","2017",51.895,
"AUT","ENROLMENT","AGE_19","PC_AGE","A","2018",52.343,
"AUT","ENROLMENT","AGE_19","PC_AGE","A","2019",53.653,
"AUT","ENROLMENT","AGE_19","PC_AGE","A","2020",54.417,
"BEL","ENROLMENT","AGE_17","PC_AGE","A","2013",98.596,
"BEL","ENROLMENT","AGE_17","PC_AGE","A","2014",97.374,
"BEL","ENROLMENT","AGE_17","PC_AGE","A","2015",96.959,
"BEL","ENROLMENT","AGE_17","PC_AGE","A","2016",96.971,
"BEL","ENROLMENT","AGE_17","PC_AGE","A","2017",98.644,
"BEL","ENROLMENT","AGE_17","PC_AGE","A","2018",98.585,
"BEL","ENROLMENT","AGE_17","PC_AGE","A","2019",98.332,
"BEL","ENROLMENT","AGE_17","PC_AGE","A","2020",98.438,
"BEL","ENROLMENT","AGE_18","PC_AGE","A","2013",83.583,
"BEL","ENROLMENT","AGE_18","PC_AGE","A","2014",89.289,
"BEL","ENROLMENT","AGE_18","PC_AGE","A","2015",88.084,
"BEL","ENROLMENT","AGE_18","PC_AGE","A","2016",90.104,
"BEL","ENROLMENT","AGE_18","PC_AGE","A","2017",93.523,
"BEL","ENROLMENT","AGE_18","PC_AGE","A","2018",91.234,
"BEL","ENROLMENT","AGE_18","PC_AGE","A","2019",92.023,
"BEL","ENROLMENT","AGE_18","PC_AGE","A","2020",89.422,
"BEL","ENROLMENT","AGE_19","PC_AGE","A","2013",79.803,
"BEL","ENROLMENT","AGE_19","PC_AGE","A","2014",79.843,
"BEL","ENROLMENT","AGE_19","PC_AGE","A","2015",79.321,
"BEL","ENROLMENT","AGE_19","PC_AGE","A","2016",81.844,
"BEL","ENROLMENT","AGE_19","PC_AGE","A","2017",85.633,
"BEL","ENROLMENT","AGE_19","PC_AGE","A","2018",83.119,
"BEL","ENROLMENT","AGE_19","PC_AGE","A","2019",83.793,
"BEL","ENROLMENT","AGE_19","PC_AGE","A","2020",80.836,
"CAN","ENROLMENT","AGE_17","PC_AGE","A","2013",80.07,
"CAN","ENROLMENT","AGE_17","PC_AGE","A","2014",80.088,
"CAN","ENROLMENT","AGE_17","PC_AGE","A","2015",81.491,
"CAN","ENROLMENT","AGE_17","PC_AGE","A","2016",83.508,
"CAN","ENROLMENT","AGE_17","PC_AGE","A","2017",82.563,
"CAN","ENROLMENT","AGE_17","PC_AGE","A","2018",82.187,
"CAN","ENROLMENT","AGE_17","PC_AGE","A","2019",77.564,
"CAN","ENROLMENT","AGE_17","PC_AGE","A","2020",77.163,
"CAN","ENROLMENT","AGE_18","PC_AGE","A","2013",56.467,
"CAN","ENROLMENT","AGE_18","PC_AGE","A","2014",57,
"CAN","ENROLMENT","AGE_18","PC_AGE","A","2015",55.748,
"CAN","ENROLMENT","AGE_18","PC_AGE","A","2016",57.195,
"CAN","ENROLMENT","AGE_18","PC_AGE","A","2017",57.589,
"CAN","ENROLMENT","AGE_18","PC_AGE","A","2018",55.575,
"CAN","ENROLMENT","AGE_18","PC_AGE","A","2019",56.637,
"CAN","ENROLMENT","AGE_18","PC_AGE","A","2020",57.732,
"CAN","ENROLMENT","AGE_19","PC_AGE","A","2013",49.346,
"CAN","ENROLMENT","AGE_19","PC_AGE","A","2014",50.639,
"CAN","ENROLMENT","AGE_19","PC_AGE","A","2015",49.671,
"CAN","ENROLMENT","AGE_19","PC_AGE","A","2016",50.901,
"CAN","ENROLMENT","AGE_19","PC_AGE","A","2017",51.805,
"CAN","ENROLMENT","AGE_19","PC_AGE","A","2018",50.215,
"CAN","ENROLMENT","AGE_19","PC_AGE","A","2019",53.048,
"CAN","ENROLMENT","AGE_19","PC_AGE","A","2020",53.388,
"CZE","ENROLMENT","AGE_17","PC_AGE","A","2013",95.564,
"CZE","ENROLMENT","AGE_17","PC_AGE","A","2014",95.664,
"CZE","ENROLMENT","AGE_17","PC_AGE","A","2015",95.603,
"CZE","ENROLMENT","AGE_17","PC_AGE","A","2016",95.524,
"CZE","ENROLMENT","AGE_17","PC_AGE","A","2017",95.091,
"CZE","ENROLMENT","AGE_17","PC_AGE","A","2018",95.173,
"CZE","ENROLMENT","AGE_17","PC_AGE","A","2019",94.033,
"CZE","ENROLMENT","AGE_17","PC_AGE","A","2020",94.233,
"CZE","ENROLMENT","AGE_18","PC_AGE","A","2013",89.515,
"CZE","ENROLMENT","AGE_18","PC_AGE","A","2014",89.808,
"CZE","ENROLMENT","AGE_18","PC_AGE","A","2015",89.404,
"CZE","ENROLMENT","AGE_18","PC_AGE","A","2016",89.447,
"CZE","ENROLMENT","AGE_18","PC_AGE","A","2017",89.628,
"CZE","ENROLMENT","AGE_18","PC_AGE","A","2018",88.504,
"CZE","ENROLMENT","AGE_18","PC_AGE","A","2019",88.29,
"CZE","ENROLMENT","AGE_18","PC_AGE","A","2020",87.9,
"CZE","ENROLMENT","AGE_19","PC_AGE","A","2013",72.464,
"CZE","ENROLMENT","AGE_19","PC_AGE","A","2014",72.725,
"CZE","ENROLMENT","AGE_19","PC_AGE","A","2015",73.042,
"CZE","ENROLMENT","AGE_19","PC_AGE","A","2016",72.102,
"CZE","ENROLMENT","AGE_19","PC_AGE","A","2017",72.12,
"CZE","ENROLMENT","AGE_19","PC_AGE","A","2018",72.013,
"CZE","ENROLMENT","AGE_19","PC_AGE","A","2019",71.418,
"CZE","ENROLMENT","AGE_19","PC_AGE","A","2020",72.944,
"DNK","ENROLMENT","AGE_17","PC_AGE","A","2013",90.923,
"DNK","ENROLMENT","AGE_17","PC_AGE","A","2014",90.845,
"DNK","ENROLMENT","AGE_17","PC_AGE","A","2015",90.792,
"DNK","ENROLMENT","AGE_17","PC_AGE","A","2016",90.685,
"DNK","ENROLMENT","AGE_17","PC_AGE","A","2017",90.852,
"DNK","ENROLMENT","AGE_17","PC_AGE","A","2018",90.961,
"DNK","ENROLMENT","AGE_17","PC_AGE","A","2019",91.626,
"DNK","ENROLMENT","AGE_17","PC_AGE","A","2020",92.369,
"DNK","ENROLMENT","AGE_18","PC_AGE","A","2013",86.932,
"DNK","ENROLMENT","AGE_18","PC_AGE","A","2014",86.772,
"DNK","ENROLMENT","AGE_18","PC_AGE","A","2015",86.765,
"DNK","ENROLMENT","AGE_18","PC_AGE","A","2016",85.67,
"DNK","ENROLMENT","AGE_18","PC_AGE","A","2017",85.506,
"DNK","ENROLMENT","AGE_18","PC_AGE","A","2018",85.993,
"DNK","ENROLMENT","AGE_18","PC_AGE","A","2019",86.671,
"DNK","ENROLMENT","AGE_18","PC_AGE","A","2020",88.058,
"DNK","ENROLMENT","AGE_19","PC_AGE","A","2013",66.042,
"DNK","ENROLMENT","AGE_19","PC_AGE","A","2014",65.148,
"DNK","ENROLMENT","AGE_19","PC_AGE","A","2015",64.804,
"DNK","ENROLMENT","AGE_19","PC_AGE","A","2016",63.23,
"DNK","ENROLMENT","AGE_19","PC_AGE","A","2017",61.266,
"DNK","ENROLMENT","AGE_19","PC_AGE","A","2018",61.059,
"DNK","ENROLMENT","AGE_19","PC_AGE","A","2019",60.283,
"DNK","ENROLMENT","AGE_19","PC_AGE","A","2020",60.12,
"FIN","ENROLMENT","AGE_17","PC_AGE","A","2013",94.775,
"FIN","ENROLMENT","AGE_17","PC_AGE","A","2014",94.596,
"FIN","ENROLMENT","AGE_17","PC_AGE","A","2015",95.706,
"FIN","ENROLMENT","AGE_17","PC_AGE","A","2016",96.096,
"FIN","ENROLMENT","AGE_17","PC_AGE","A","2017",95.059,
"FIN","ENROLMENT","AGE_17","PC_AGE","A","2018",96.052,
"FIN","ENROLMENT","AGE_17","PC_AGE","A","2019",96.703,
"FIN","ENROLMENT","AGE_17","PC_AGE","A","2020",98.049,
"FIN","ENROLMENT","AGE_18","PC_AGE","A","2013",94.143,
"FIN","ENROLMENT","AGE_18","PC_AGE","A","2014",94.409,
"FIN","ENROLMENT","AGE_18","PC_AGE","A","2015",95.448,
"FIN","ENROLMENT","AGE_18","PC_AGE","A","2016",95.958,
"FIN","ENROLMENT","AGE_18","PC_AGE","A","2017",95.66,
"FIN","ENROLMENT","AGE_18","PC_AGE","A","2018",95.287,
"FIN","ENROLMENT","AGE_18","PC_AGE","A","2019",97.047,
"FIN","ENROLMENT","AGE_18","PC_AGE","A","2020",96.658,
"FIN","ENROLMENT","AGE_19","PC_AGE","A","2013",50.727,
"FIN","ENROLMENT","AGE_19","PC_AGE","A","2014",52.152,
"FIN","ENROLMENT","AGE_19","PC_AGE","A","2015",51.68,
"FIN","ENROLMENT","AGE_19","PC_AGE","A","2016",50.188,
"FIN","ENROLMENT","AGE_19","PC_AGE","A","2017",48.594,
"FIN","ENROLMENT","AGE_19","PC_AGE","A","2018",47.257,
"FIN","ENROLMENT","AGE_19","PC_AGE","A","2019",46.083,
"FIN","ENROLMENT","AGE_19","PC_AGE","A","2020",44.138,
"FRA","ENROLMENT","AGE_17","PC_AGE","A","2013",90.575,
"FRA","ENROLMENT","AGE_17","PC_AGE","A","2014",90.597,
"FRA","ENROLMENT","AGE_17","PC_AGE","A","2015",91.571,
"FRA","ENROLMENT","AGE_17","PC_AGE","A","2016",91.643,
"FRA","ENROLMENT","AGE_17","PC_AGE","A","2017",93.13,
"FRA","ENROLMENT","AGE_17","PC_AGE","A","2018",92.533,
"FRA","ENROLMENT","AGE_17","PC_AGE","A","2019",93.805,
"FRA","ENROLMENT","AGE_17","PC_AGE","A","2020",96.573,
"FRA","ENROLMENT","AGE_18","PC_AGE","A","2013",76.954,
"FRA","ENROLMENT","AGE_18","PC_AGE","A","2014",77.172,
"FRA","ENROLMENT","AGE_18","PC_AGE","A","2015",77.266,
"FRA","ENROLMENT","AGE_18","PC_AGE","A","2016",78.361,
"FRA","ENROLMENT","AGE_18","PC_AGE","A","2017",78.612,
"FRA","ENROLMENT","AGE_18","PC_AGE","A","2018",80.114,
"FRA","ENROLMENT","AGE_18","PC_AGE","A","2019",78.667,
"FRA","ENROLMENT","AGE_18","PC_AGE","A","2020",80.545,
"FRA","ENROLMENT","AGE_19","PC_AGE","A","2013",63.571,
"FRA","ENROLMENT","AGE_19","PC_AGE","A","2014",63.695,
"FRA","ENROLMENT","AGE_19","PC_AGE","A","2015",63.684,
"FRA","ENROLMENT","AGE_19","PC_AGE","A","2016",64.606,
"FRA","ENROLMENT","AGE_19","PC_AGE","A","2017",66.521,
"FRA","ENROLMENT","AGE_19","PC_AGE","A","2018",66.544,
"FRA","ENROLMENT","AGE_19","PC_AGE","A","2019",67.135,
"FRA","ENROLMENT","AGE_19","PC_AGE","A","2020",67.792,
"DEU","ENROLMENT","AGE_17","PC_AGE","A","2013",93.94,
"DEU","ENROLMENT","AGE_17","PC_AGE","A","2014",94.129,
"DEU","ENROLMENT","AGE_17","PC_AGE","A","2015",93.282,
"DEU","ENROLMENT","AGE_17","PC_AGE","A","2016",91.997,
"DEU","ENROLMENT","AGE_17","PC_AGE","A","2017",92.793,
"DEU","ENROLMENT","AGE_17","PC_AGE","A","2018",91.916,
"DEU","ENROLMENT","AGE_17","PC_AGE","A","2019",92.495,
"DEU","ENROLMENT","AGE_17","PC_AGE","A","2020",92.27,
"DEU","ENROLMENT","AGE_18","PC_AGE","A","2013",85.659,
"DEU","ENROLMENT","AGE_18","PC_AGE","A","2014",84.701,
"DEU","ENROLMENT","AGE_18","PC_AGE","A","2015",82.858,
"DEU","ENROLMENT","AGE_18","PC_AGE","A","2016",79.481,
"DEU","ENROLMENT","AGE_18","PC_AGE","A","2017",81.077,
"DEU","ENROLMENT","AGE_18","PC_AGE","A","2018",80.073,
"DEU","ENROLMENT","AGE_18","PC_AGE","A","2019",80.796,
"DEU","ENROLMENT","AGE_18","PC_AGE","A","2020",80.364,
"DEU","ENROLMENT","AGE_19","PC_AGE","A","2013",73.957,
"DEU","ENROLMENT","AGE_19","PC_AGE","A","2014",71.683,
"DEU","ENROLMENT","AGE_19","PC_AGE","A","2015",70.209,
"DEU","ENROLMENT","AGE_19","PC_AGE","A","2016",68.607,
"DEU","ENROLMENT","AGE_19","PC_AGE","A","2017",68.319,
"DEU","ENROLMENT","AGE_19","PC_AGE","A","2018",69.5,
"DEU","ENROLMENT","AGE_19","PC_AGE","A","2019",69.976,
"DEU","ENROLMENT","AGE_19","PC_AGE","A","2020",70.714,
"GRC","ENROLMENT","AGE_17","PC_AGE","A","2013",96.639,
"GRC","ENROLMENT","AGE_17","PC_AGE","A","2015",97.884,
"GRC","ENROLMENT","AGE_17","PC_AGE","A","2016",94.519,
"GRC","ENROLMENT","AGE_17","PC_AGE","A","2017",91.095,
"GRC","ENROLMENT","AGE_17","PC_AGE","A","2018",93.432,
"GRC","ENROLMENT","AGE_17","PC_AGE","A","2019",95.083,
"GRC","ENROLMENT","AGE_17","PC_AGE","A","2020",90.727,
"GRC","ENROLMENT","AGE_18","PC_AGE","A","2013",74.012,
"GRC","ENROLMENT","AGE_18","PC_AGE","A","2015",75.223,
"GRC","ENROLMENT","AGE_18","PC_AGE","A","2016",75.124,
"GRC","ENROLMENT","AGE_18","PC_AGE","A","2017",75.879,
"GRC","ENROLMENT","AGE_18","PC_AGE","A","2018",73.209,
"GRC","ENROLMENT","AGE_18","PC_AGE","A","2019",76.839,
"GRC","ENROLMENT","AGE_18","PC_AGE","A","2020",65.348,
"GRC","ENROLMENT","AGE_19","PC_AGE","A","2013",68.39,
"GRC","ENROLMENT","AGE_19","PC_AGE","A","2015",72.436,
"GRC","ENROLMENT","AGE_19","PC_AGE","A","2016",75.786,
"GRC","ENROLMENT","AGE_19","PC_AGE","A","2017",77.408,
"GRC","ENROLMENT","AGE_19","PC_AGE","A","2018",77.302,
"GRC","ENROLMENT","AGE_19","PC_AGE","A","2019",70.785,
"GRC","ENROLMENT","AGE_19","PC_AGE","A","2020",72.358,
"HUN","ENROLMENT","AGE_17","PC_AGE","A","2013",93.028,
"HUN","ENROLMENT","AGE_17","PC_AGE","A","2014",91.605,
"HUN","ENROLMENT","AGE_17","PC_AGE","A","2015",89.694,
"HUN","ENROLMENT","AGE_17","PC_AGE","A","2016",88.494,
"HUN","ENROLMENT","AGE_17","PC_AGE","A","2017",87.845,
"HUN","ENROLMENT","AGE_17","PC_AGE","A","2018",86.765,
"HUN","ENROLMENT","AGE_17","PC_AGE","A","2019",87.525,
"HUN","ENROLMENT","AGE_17","PC_AGE","A","2020",87.099,
"HUN","ENROLMENT","AGE_18","PC_AGE","A","2013",84.408,
"HUN","ENROLMENT","AGE_18","PC_AGE","A","2014",82.091,
"HUN","ENROLMENT","AGE_18","PC_AGE","A","2015",80.243,
"HUN","ENROLMENT","AGE_18","PC_AGE","A","2016",78.125,
"HUN","ENROLMENT","AGE_18","PC_AGE","A","2017",77.052,
"HUN","ENROLMENT","AGE_18","PC_AGE","A","2018",76.098,
"HUN","ENROLMENT","AGE_18","PC_AGE","A","2019",75.217,
"HUN","ENROLMENT","AGE_18","PC_AGE","A","2020",76.082,
"HUN","ENROLMENT","AGE_19","PC_AGE","A","2013",70.258,
"HUN","ENROLMENT","AGE_19","PC_AGE","A","2014",69.929,
"HUN","ENROLMENT","AGE_19","PC_AGE","A","2015",68.415,
"HUN","ENROLMENT","AGE_19","PC_AGE","A","2016",65.809,
"HUN","ENROLMENT","AGE_19","PC_AGE","A","2017",64.774,
"HUN","ENROLMENT","AGE_19","PC_AGE","A","2018",63.987,
"HUN","ENROLMENT","AGE_19","PC_AGE","A","2019",62.066,
"HUN","ENROLMENT","AGE_19","PC_AGE","A","2020",61.937,
"ISL","ENROLMENT","AGE_17","PC_AGE","A","2013",90.171,
"ISL","ENROLMENT","AGE_17","PC_AGE","A","2014",89.19,
"ISL","ENROLMENT","AGE_17","PC_AGE","A","2015",89.51,
"ISL","ENROLMENT","AGE_17","PC_AGE","A","2016",88.644,
"ISL","ENROLMENT","AGE_17","PC_AGE","A","2017",90.236,
"ISL","ENROLMENT","AGE_17","PC_AGE","A","2018",88.468,
"ISL","ENROLMENT","AGE_17","PC_AGE","A","2019",89.655,
"ISL","ENROLMENT","AGE_17","PC_AGE","A","2020",90.477,
"ISL","ENROLMENT","AGE_18","PC_AGE","A","2013",82.505,
"ISL","ENROLMENT","AGE_18","PC_AGE","A","2014",82.98,
"ISL","ENROLMENT","AGE_18","PC_AGE","A","2015",81.45,
"ISL","ENROLMENT","AGE_18","PC_AGE","A","2016",81.361,
"ISL","ENROLMENT","AGE_18","PC_AGE","A","2017",82.02,
"ISL","ENROLMENT","AGE_18","PC_AGE","A","2018",83.739,
"ISL","ENROLMENT","AGE_18","PC_AGE","A","2019",81.242,
"ISL","ENROLMENT","AGE_18","PC_AGE","A","2020",83.083,
"ISL","ENROLMENT","AGE_19","PC_AGE","A","2013",73.931,
"ISL","ENROLMENT","AGE_19","PC_AGE","A","2014",72.472,
"ISL","ENROLMENT","AGE_19","PC_AGE","A","2015",73.348,
"ISL","ENROLMENT","AGE_19","PC_AGE","A","2016",70.186,
"ISL","ENROLMENT","AGE_19","PC_AGE","A","2017",70.344,
"ISL","ENROLMENT","AGE_19","PC_AGE","A","2018",68.683,
"ISL","ENROLMENT","AGE_19","PC_AGE","A","2019",60.106,
"ISL","ENROLMENT","AGE_19","PC_AGE","A","2020",58.17,
"IRL","ENROLMENT","AGE_17","PC_AGE","A","2013",97.518,
"IRL","ENROLMENT","AGE_17","PC_AGE","A","2014",98.175,
"IRL","ENROLMENT","AGE_17","PC_AGE","A","2015",99.089,
"IRL","ENROLMENT","AGE_17","PC_AGE","A","2016",99.321,
"IRL","ENROLMENT","AGE_17","PC_AGE","A","2017",99.933,
"IRL","ENROLMENT","AGE_17","PC_AGE","A","2018",95.999,
"IRL","ENROLMENT","AGE_17","PC_AGE","A","2019",100,
"IRL","ENROLMENT","AGE_17","PC_AGE","A","2020",95.512,
"IRL","ENROLMENT","AGE_18","PC_AGE","A","2013",100,
"IRL","ENROLMENT","AGE_18","PC_AGE","A","2014",84.183,
"IRL","ENROLMENT","AGE_18","PC_AGE","A","2015",86.549,
"IRL","ENROLMENT","AGE_18","PC_AGE","A","2016",85.42,
"IRL","ENROLMENT","AGE_18","PC_AGE","A","2017",87.882,
"IRL","ENROLMENT","AGE_18","PC_AGE","A","2018",86.225,
"IRL","ENROLMENT","AGE_18","PC_AGE","A","2019",85.263,
"IRL","ENROLMENT","AGE_18","PC_AGE","A","2020",81.04,
"IRL","ENROLMENT","AGE_19","PC_AGE","A","2013",66.48,
"IRL","ENROLMENT","AGE_19","PC_AGE","A","2014",67.522,
"IRL","ENROLMENT","AGE_19","PC_AGE","A","2015",73.064,
"IRL","ENROLMENT","AGE_19","PC_AGE","A","2016",77.076,
"IRL","ENROLMENT","AGE_19","PC_AGE","A","2017",71.255,
"IRL","ENROLMENT","AGE_19","PC_AGE","A","2018",76.889,
"IRL","ENROLMENT","AGE_19","PC_AGE","A","2019",67.571,
"IRL","ENROLMENT","AGE_19","PC_AGE","A","2020",68.415,
"ITA","ENROLMENT","AGE_17","PC_AGE","A","2013",93.022,
"ITA","ENROLMENT","AGE_17","PC_AGE","A","2014",92.082,
"ITA","ENROLMENT","AGE_17","PC_AGE","A","2015",92.403,
"ITA","ENROLMENT","AGE_17","PC_AGE","A","2016",91.723,
"ITA","ENROLMENT","AGE_17","PC_AGE","A","2017",94.646,
"ITA","ENROLMENT","AGE_17","PC_AGE","A","2018",91.692,
"ITA","ENROLMENT","AGE_17","PC_AGE","A","2019",92.317,
"ITA","ENROLMENT","AGE_17","PC_AGE","A","2020",92.456,
"ITA","ENROLMENT","AGE_18","PC_AGE","A","2013",78.085,
"ITA","ENROLMENT","AGE_18","PC_AGE","A","2014",77.647,
"ITA","ENROLMENT","AGE_18","PC_AGE","A","2015",79.135,
"ITA","ENROLMENT","AGE_18","PC_AGE","A","2016",80.461,
"ITA","ENROLMENT","AGE_18","PC_AGE","A","2017",81.58,
"ITA","ENROLMENT","AGE_18","PC_AGE","A","2018",84.187,
"ITA","ENROLMENT","AGE_18","PC_AGE","A","2019",84.262,
"ITA","ENROLMENT","AGE_18","PC_AGE","A","2020",84.076,
"ITA","ENROLMENT","AGE_19","PC_AGE","A","2013",24.482,
"ITA","ENROLMENT","AGE_19","PC_AGE","A","2014",23.297,
"ITA","ENROLMENT","AGE_19","PC_AGE","A","2015",23.119,
"ITA","ENROLMENT","AGE_19","PC_AGE","A","2016",53.433,
"ITA","ENROLMENT","AGE_19","PC_AGE","A","2017",54.673,
"ITA","ENROLMENT","AGE_19","PC_AGE","A","2018",57.446,
"ITA","ENROLMENT","AGE_19","PC_AGE","A","2019",57.42,
"ITA","ENROLMENT","AGE_19","PC_AGE","A","2020",56.354,
"JPN","ENROLMENT","AGE_17","PC_AGE","A","2013",95.552,
"JPN","ENROLMENT","AGE_17","PC_AGE","A","2014",98.659,
"JPN","ENROLMENT","AGE_17","PC_AGE","A","2015",95.6,
"JPN","ENROLMENT","AGE_17","PC_AGE","A","2016",93.055,
"JPN","ENROLMENT","AGE_17","PC_AGE","A","2018",94.322,
"JPN","ENROLMENT","AGE_17","PC_AGE","A","2019",96.211,
"JPN","ENROLMENT","AGE_17","PC_AGE","A","2020",96.938,
"JPN","ENROLMENT","AGE_18","PC_AGE","A","2014",85.363,
"JPN","ENROLMENT","AGE_19","PC_AGE","A","2014",84.173,
"KOR","ENROLMENT","AGE_17","PC_AGE","A","2013",94.807,
"KOR","ENROLMENT","AGE_17","PC_AGE","A","2014",94.532,
"KOR","ENROLMENT","AGE_17","PC_AGE","A","2015",96.312,
"KOR","ENROLMENT","AGE_17","PC_AGE","A","2016",96.636,
"KOR","ENROLMENT","AGE_17","PC_AGE","A","2017",94.554,
"KOR","ENROLMENT","AGE_17","PC_AGE","A","2018",98.126,
"KOR","ENROLMENT","AGE_17","PC_AGE","A","2019",98.612,
"KOR","ENROLMENT","AGE_17","PC_AGE","A","2020",79.728,
"KOR","ENROLMENT","AGE_18","PC_AGE","A","2013",70.262,
"KOR","ENROLMENT","AGE_18","PC_AGE","A","2014",69.816,
"KOR","ENROLMENT","AGE_18","PC_AGE","A","2015",70.182,
"KOR","ENROLMENT","AGE_18","PC_AGE","A","2016",70.289,
"KOR","ENROLMENT","AGE_18","PC_AGE","A","2017",70.465,
"KOR","ENROLMENT","AGE_18","PC_AGE","A","2018",69.691,
"KOR","ENROLMENT","AGE_18","PC_AGE","A","2019",72.488,
"KOR","ENROLMENT","AGE_18","PC_AGE","A","2020",76.116,
"KOR","ENROLMENT","AGE_19","PC_AGE","A","2013",74.252,
"KOR","ENROLMENT","AGE_19","PC_AGE","A","2014",73.953,
"KOR","ENROLMENT","AGE_19","PC_AGE","A","2015",73.671,
"KOR","ENROLMENT","AGE_19","PC_AGE","A","2016",73.157,
"KOR","ENROLMENT","AGE_19","PC_AGE","A","2017",73.591,
"KOR","ENROLMENT","AGE_19","PC_AGE","A","2018",73.435,
"KOR","ENROLMENT","AGE_19","PC_AGE","A","2019",71.757,
"KOR","ENROLMENT","AGE_19","PC_AGE","A","2020",76.345,
"LUX","ENROLMENT","AGE_17","PC_AGE","A","2013",81.909,
"LUX","ENROLMENT","AGE_17","PC_AGE","A","2014",79.907,
"LUX","ENROLMENT","AGE_17","PC_AGE","A","2015",83.523,
"LUX","ENROLMENT","AGE_17","PC_AGE","A","2016",82.499,
"LUX","ENROLMENT","AGE_17","PC_AGE","A","2017",82.086,
"LUX","ENROLMENT","AGE_17","PC_AGE","A","2018",81.437,
"LUX","ENROLMENT","AGE_17","PC_AGE","A","2019",84.835,
"LUX","ENROLMENT","AGE_17","PC_AGE","A","2020",83.951,
"LUX","ENROLMENT","AGE_18","PC_AGE","A","2013",71.961,
"LUX","ENROLMENT","AGE_18","PC_AGE","A","2014",70.644,
"LUX","ENROLMENT","AGE_18","PC_AGE","A","2015",68.559,
"LUX","ENROLMENT","AGE_18","PC_AGE","A","2016",72.272,
"LUX","ENROLMENT","AGE_18","PC_AGE","A","2017",71.969,
"LUX","ENROLMENT","AGE_18","PC_AGE","A","2018",69.978,
"LUX","ENROLMENT","AGE_18","PC_AGE","A","2019",69.783,
"LUX","ENROLMENT","AGE_18","PC_AGE","A","2020",73.644,
"LUX","ENROLMENT","AGE_19","PC_AGE","A","2013",50.574,
"LUX","ENROLMENT","AGE_19","PC_AGE","A","2014",46.479,
"LUX","ENROLMENT","AGE_19","PC_AGE","A","2015",44.96,
"LUX","ENROLMENT","AGE_19","PC_AGE","A","2016",43.644,
"LUX","ENROLMENT","AGE_19","PC_AGE","A","2017",45.732,
"LUX","ENROLMENT","AGE_19","PC_AGE","A","2018",44.576,
"LUX","ENROLMENT","AGE_19","PC_AGE","A","2019",44.868,
"LUX","ENROLMENT","AGE_19","PC_AGE","A","2020",46.977,
"MEX","ENROLMENT","AGE_17","PC_AGE","A","2013",57.329,
"MEX","ENROLMENT","AGE_17","PC_AGE","A","2014",58.42,
"MEX","ENROLMENT","AGE_17","PC_AGE","A","2015",60.009,
"MEX","ENROLMENT","AGE_17","PC_AGE","A","2016",61.245,
"MEX","ENROLMENT","AGE_17","PC_AGE","A","2017",63.445,
"MEX","ENROLMENT","AGE_17","PC_AGE","A","2018",66.41,
"MEX","ENROLMENT","AGE_17","PC_AGE","A","2019",66.004,
"MEX","ENROLMENT","AGE_17","PC_AGE","A","2020",64.691,
"MEX","ENROLMENT","AGE_18","PC_AGE","A","2013",40.94,
"MEX","ENROLMENT","AGE_18","PC_AGE","A","2014",42.057,
"MEX","ENROLMENT","AGE_18","PC_AGE","A","2015",42.38,
"MEX","ENROLMENT","AGE_18","PC_AGE","A","2016",43.671,
"MEX","ENROLMENT","AGE_18","PC_AGE","A","2017",45.255,
"MEX","ENROLMENT","AGE_18","PC_AGE","A","2018",45.827,
"MEX","ENROLMENT","AGE_18","PC_AGE","A","2019",48.407,
"MEX","ENROLMENT","AGE_18","PC_AGE","A","2020",45.797,
"MEX","ENROLMENT","AGE_19","PC_AGE","A","2013",33.705,
"MEX","ENROLMENT","AGE_19","PC_AGE","A","2014",35.378,
"MEX","ENROLMENT","AGE_19","PC_AGE","A","2015",36.203,
"MEX","ENROLMENT","AGE_19","PC_AGE","A","2016",37.896,
"MEX","ENROLMENT","AGE_19","PC_AGE","A","2017",39.801,
"MEX","ENROLMENT","AGE_19","PC_AGE","A","2018",40.625,
"MEX","ENROLMENT","AGE_19","PC_AGE","A","2019",42.07,
"MEX","ENROLMENT","AGE_19","PC_AGE","A","2020",41.247,
"NLD","ENROLMENT","AGE_17","PC_AGE","A","2013",95.983,
"NLD","ENROLMENT","AGE_17","PC_AGE","A","2014",96.352,
"NLD","ENROLMENT","AGE_17","PC_AGE","A","2015",97.931,
"NLD","ENROLMENT","AGE_17","PC_AGE","A","2016",97.223,
"NLD","ENROLMENT","AGE_17","PC_AGE","A","2017",97.216,
"NLD","ENROLMENT","AGE_17","PC_AGE","A","2018",96.733,
"NLD","ENROLMENT","AGE_17","PC_AGE","A","2019",96.772,
"NLD","ENROLMENT","AGE_17","PC_AGE","A","2020",96.487,
"NLD","ENROLMENT","AGE_18","PC_AGE","A","2013",86.277,
"NLD","ENROLMENT","AGE_18","PC_AGE","A","2014",87.944,
"NLD","ENROLMENT","AGE_18","PC_AGE","A","2015",89.856,
"NLD","ENROLMENT","AGE_18","PC_AGE","A","2016",88.401,
"NLD","ENROLMENT","AGE_18","PC_AGE","A","2017",88.531,
"NLD","ENROLMENT","AGE_18","PC_AGE","A","2018",87.898,
"NLD","ENROLMENT","AGE_18","PC_AGE","A","2019",87.744,
"NLD","ENROLMENT","AGE_18","PC_AGE","A","2020",87.401,
"NLD","ENROLMENT","AGE_19","PC_AGE","A","2013",77.518,
"NLD","ENROLMENT","AGE_19","PC_AGE","A","2014",79.06,
"NLD","ENROLMENT","AGE_19","PC_AGE","A","2015",81.309,
"NLD","ENROLMENT","AGE_19","PC_AGE","A","2016",80.933,
"NLD","ENROLMENT","AGE_19","PC_AGE","A","2017",80.916,
"NLD","ENROLMENT","AGE_19","PC_AGE","A","2018",79.841,
"NLD","ENROLMENT","AGE_19","PC_AGE","A","2019",79.937,
"NLD","ENROLMENT","AGE_19","PC_AGE","A","2020",79.177,
"NZL","ENROLMENT","AGE_17","PC_AGE","A","2013",89.87,
"NZL","ENROLMENT","AGE_17","PC_AGE","A","2014",90.217,
"NZL","ENROLMENT","AGE_17","PC_AGE","A","2015",90.025,
"NZL","ENROLMENT","AGE_17","PC_AGE","A","2016",89.421,
"NZL","ENROLMENT","AGE_17","PC_AGE","A","2017",88.747,
"NZL","ENROLMENT","AGE_17","PC_AGE","A","2018",86.494,
"NZL","ENROLMENT","AGE_17","PC_AGE","A","2019",88.685,
"NZL","ENROLMENT","AGE_17","PC_AGE","A","2020",88.571,
"NZL","ENROLMENT","AGE_18","PC_AGE","A","2013",67.028,
"NZL","ENROLMENT","AGE_18","PC_AGE","A","2014",67.626,
"NZL","ENROLMENT","AGE_18","PC_AGE","A","2015",67.118,
"NZL","ENROLMENT","AGE_18","PC_AGE","A","2016",65.136,
"NZL","ENROLMENT","AGE_18","PC_AGE","A","2017",63.417,
"NZL","ENROLMENT","AGE_18","PC_AGE","A","2018",62.797,
"NZL","ENROLMENT","AGE_18","PC_AGE","A","2019",65.739,
"NZL","ENROLMENT","AGE_18","PC_AGE","A","2020",64.074,
"NZL","ENROLMENT","AGE_19","PC_AGE","A","2013",59.335,
"NZL","ENROLMENT","AGE_19","PC_AGE","A","2014",59.54,
"NZL","ENROLMENT","AGE_19","PC_AGE","A","2015",59.135,
"NZL","ENROLMENT","AGE_19","PC_AGE","A","2016",56.653,
"NZL","ENROLMENT","AGE_19","PC_AGE","A","2017",55.72,
"NZL","ENROLMENT","AGE_19","PC_AGE","A","2018",54.027,
"NZL","ENROLMENT","AGE_19","PC_AGE","A","2019",61.55,
"NZL","ENROLMENT","AGE_19","PC_AGE","A","2020",58.004,
"NOR","ENROLMENT","AGE_17","PC_AGE","A","2013",92.707,
"NOR","ENROLMENT","AGE_17","PC_AGE","A","2014",92.59,
"NOR","ENROLMENT","AGE_17","PC_AGE","A","2015",92.889,
"NOR","ENROLMENT","AGE_17","PC_AGE","A","2016",93.005,
"NOR","ENROLMENT","AGE_17","PC_AGE","A","2017",92.746,
"NOR","ENROLMENT","AGE_17","PC_AGE","A","2018",93.279,
"NOR","ENROLMENT","AGE_17","PC_AGE","A","2019",94.078,
"NOR","ENROLMENT","AGE_17","PC_AGE","A","2020",94.33,
"NOR","ENROLMENT","AGE_18","PC_AGE","A","2013",89.636,
"NOR","ENROLMENT","AGE_18","PC_AGE","A","2014",89.666,
"NOR","ENROLMENT","AGE_18","PC_AGE","A","2015",89.599,
"NOR","ENROLMENT","AGE_18","PC_AGE","A","2016",90.359,
"NOR","ENROLMENT","AGE_18","PC_AGE","A","2017",90.488,
"NOR","ENROLMENT","AGE_18","PC_AGE","A","2018",90.645,
"NOR","ENROLMENT","AGE_18","PC_AGE","A","2019",91.159,
"NOR","ENROLMENT","AGE_18","PC_AGE","A","2020",92.122,
"NOR","ENROLMENT","AGE_19","PC_AGE","A","2013",56.958,
"NOR","ENROLMENT","AGE_19","PC_AGE","A","2014",58.004,
"NOR","ENROLMENT","AGE_19","PC_AGE","A","2015",56.59,
"NOR","ENROLMENT","AGE_19","PC_AGE","A","2016",58.909,
"NOR","ENROLMENT","AGE_19","PC_AGE","A","2017",59.321,
"NOR","ENROLMENT","AGE_19","PC_AGE","A","2018",58.484,
"NOR","ENROLMENT","AGE_19","PC_AGE","A","2019",57.868,
"NOR","ENROLMENT","AGE_19","PC_AGE","A","2020",58.02,
"POL","ENROLMENT","AGE_17","PC_AGE","A","2013",95.717,
"POL","ENROLMENT","AGE_17","PC_AGE","A","2014",95.324,
"POL","ENROLMENT","AGE_17","PC_AGE","A","2015",96.144,
"POL","ENROLMENT","AGE_17","PC_AGE","A","2016",95.76,
"POL","ENROLMENT","AGE_17","PC_AGE","A","2017",95.557,
"POL","ENROLMENT","AGE_17","PC_AGE","A","2018",95.667,
"POL","ENROLMENT","AGE_17","PC_AGE","A","2019",95.812,
"POL","ENROLMENT","AGE_17","PC_AGE","A","2020",96.503,
"POL","ENROLMENT","AGE_18","PC_AGE","A","2013",92.545,
"POL","ENROLMENT","AGE_18","PC_AGE","A","2014",92.442,
"POL","ENROLMENT","AGE_18","PC_AGE","A","2015",95.412,
"POL","ENROLMENT","AGE_18","PC_AGE","A","2016",95.557,
"POL","ENROLMENT","AGE_18","PC_AGE","A","2017",95.441,
"POL","ENROLMENT","AGE_18","PC_AGE","A","2018",95.366,
"POL","ENROLMENT","AGE_18","PC_AGE","A","2019",95.113,
"POL","ENROLMENT","AGE_18","PC_AGE","A","2020",94.377,
"POL","ENROLMENT","AGE_19","PC_AGE","A","2013",71.733,
"POL","ENROLMENT","AGE_19","PC_AGE","A","2014",68.835,
"POL","ENROLMENT","AGE_19","PC_AGE","A","2015",82.145,
"POL","ENROLMENT","AGE_19","PC_AGE","A","2016",82.966,
"POL","ENROLMENT","AGE_19","PC_AGE","A","2017",82.488,
"POL","ENROLMENT","AGE_19","PC_AGE","A","2018",81.765,
"POL","ENROLMENT","AGE_19","PC_AGE","A","2019",80.387,
"POL","ENROLMENT","AGE_19","PC_AGE","A","2020",79.949,
"PRT","ENROLMENT","AGE_17","PC_AGE","A","2013",94.369,
"PRT","ENROLMENT","AGE_17","PC_AGE","A","2014",96.919,
"PRT","ENROLMENT","AGE_17","PC_AGE","A","2015",98.66,
"PRT","ENROLMENT","AGE_17","PC_AGE","A","2016",95.515,
"PRT","ENROLMENT","AGE_17","PC_AGE","A","2017",95.48,
"PRT","ENROLMENT","AGE_17","PC_AGE","A","2018",100,
"PRT","ENROLMENT","AGE_17","PC_AGE","A","2019",99.611,
"PRT","ENROLMENT","AGE_17","PC_AGE","A","2020",100,
"PRT","ENROLMENT","AGE_18","PC_AGE","A","2013",80.643,
"PRT","ENROLMENT","AGE_18","PC_AGE","A","2014",79.708,
"PRT","ENROLMENT","AGE_18","PC_AGE","A","2015",80.747,
"PRT","ENROLMENT","AGE_18","PC_AGE","A","2016",81.313,
"PRT","ENROLMENT","AGE_18","PC_AGE","A","2017",79.169,
"PRT","ENROLMENT","AGE_18","PC_AGE","A","2018",78.774,
"PRT","ENROLMENT","AGE_18","PC_AGE","A","2019",88.294,
"PRT","ENROLMENT","AGE_18","PC_AGE","A","2020",82.54,
"PRT","ENROLMENT","AGE_19","PC_AGE","A","2013",68.356,
"PRT","ENROLMENT","AGE_19","PC_AGE","A","2014",66.243,
"PRT","ENROLMENT","AGE_19","PC_AGE","A","2015",64.453,
"PRT","ENROLMENT","AGE_19","PC_AGE","A","2016",64.573,
"PRT","ENROLMENT","AGE_19","PC_AGE","A","2017",65.577,
"PRT","ENROLMENT","AGE_19","PC_AGE","A","2018",64.345,
"PRT","ENROLMENT","AGE_19","PC_AGE","A","2019",64.979,
"PRT","ENROLMENT","AGE_19","PC_AGE","A","2020",72.789,
"SVK","ENROLMENT","AGE_17","PC_AGE","A","2013",89.959,
"SVK","ENROLMENT","AGE_17","PC_AGE","A","2014",89.263,
"SVK","ENROLMENT","AGE_17","PC_AGE","A","2015",89.266,
"SVK","ENROLMENT","AGE_17","PC_AGE","A","2016",88.818,
"SVK","ENROLMENT","AGE_17","PC_AGE","A","2017",88.56,
"SVK","ENROLMENT","AGE_17","PC_AGE","A","2018",88.432,
"SVK","ENROLMENT","AGE_17","PC_AGE","A","2019",87.901,
"SVK","ENROLMENT","AGE_17","PC_AGE","A","2020",87.611,
"SVK","ENROLMENT","AGE_18","PC_AGE","A","2013",84.161,
"SVK","ENROLMENT","AGE_18","PC_AGE","A","2014",83.6,
"SVK","ENROLMENT","AGE_18","PC_AGE","A","2015",82.056,
"SVK","ENROLMENT","AGE_18","PC_AGE","A","2016",81.505,
"SVK","ENROLMENT","AGE_18","PC_AGE","A","2017",81.444,
"SVK","ENROLMENT","AGE_18","PC_AGE","A","2018",82.671,
"SVK","ENROLMENT","AGE_18","PC_AGE","A","2019",82.122,
"SVK","ENROLMENT","AGE_18","PC_AGE","A","2020",82.581,
"SVK","ENROLMENT","AGE_19","PC_AGE","A","2013",62.798,
"SVK","ENROLMENT","AGE_19","PC_AGE","A","2014",62.55,
"SVK","ENROLMENT","AGE_19","PC_AGE","A","2015",61.447,
"SVK","ENROLMENT","AGE_19","PC_AGE","A","2016",59.13,
"SVK","ENROLMENT","AGE_19","PC_AGE","A","2017",58.732,
"SVK","ENROLMENT","AGE_19","PC_AGE","A","2018",60.429,
"SVK","ENROLMENT","AGE_19","PC_AGE","A","2019",60.199,
"SVK","ENROLMENT","AGE_19","PC_AGE","A","2020",60.08,
"ESP","ENROLMENT","AGE_17","PC_AGE","A","2013",91.764,
"ESP","ENROLMENT","AGE_17","PC_AGE","A","2014",90.09,
"ESP","ENROLMENT","AGE_17","PC_AGE","A","2015",89.979,
"ESP","ENROLMENT","AGE_17","PC_AGE","A","2016",89.613,
"ESP","ENROLMENT","AGE_17","PC_AGE","A","2017",89.834,
"ESP","ENROLMENT","AGE_17","PC_AGE","A","2018",90.198,
"ESP","ENROLMENT","AGE_17","PC_AGE","A","2019",90.112,
"ESP","ENROLMENT","AGE_17","PC_AGE","A","2020",90.026,
"ESP","ENROLMENT","AGE_18","PC_AGE","A","2013",80.197,
"ESP","ENROLMENT","AGE_18","PC_AGE","A","2014",79.892,
"ESP","ENROLMENT","AGE_18","PC_AGE","A","2015",80.007,
"ESP","ENROLMENT","AGE_18","PC_AGE","A","2016",80.28,
"ESP","ENROLMENT","AGE_18","PC_AGE","A","2017",79.499,
"ESP","ENROLMENT","AGE_18","PC_AGE","A","2018",79.987,
"ESP","ENROLMENT","AGE_18","PC_AGE","A","2019",79.768,
"ESP","ENROLMENT","AGE_18","PC_AGE","A","2020",79.659,
"ESP","ENROLMENT","AGE_19","PC_AGE","A","2013",71.848,
"ESP","ENROLMENT","AGE_19","PC_AGE","A","2014",73.06,
"ESP","ENROLMENT","AGE_19","PC_AGE","A","2015",73.035,
"ESP","ENROLMENT","AGE_19","PC_AGE","A","2016",72.922,
"ESP","ENROLMENT","AGE_19","PC_AGE","A","2017",73.001,
"ESP","ENROLMENT","AGE_19","PC_AGE","A","2018",72.543,
"ESP","ENROLMENT","AGE_19","PC_AGE","A","2019",71.944,
"ESP","ENROLMENT","AGE_19","PC_AGE","A","2020",72.21,
"SWE","ENROLMENT","AGE_17","PC_AGE","A","2013",98.416,
"SWE","ENROLMENT","AGE_17","PC_AGE","A","2014",98.201,
"SWE","ENROLMENT","AGE_17","PC_AGE","A","2015",98.346,
"SWE","ENROLMENT","AGE_17","PC_AGE","A","2016",98.944,
"SWE","ENROLMENT","AGE_17","PC_AGE","A","2017",100,
"SWE","ENROLMENT","AGE_17","PC_AGE","A","2018",100,
"SWE","ENROLMENT","AGE_17","PC_AGE","A","2019",97.867,
"SWE","ENROLMENT","AGE_17","PC_AGE","A","2020",97.283,
"SWE","ENROLMENT","AGE_18","PC_AGE","A","2013",96.313,
"SWE","ENROLMENT","AGE_18","PC_AGE","A","2014",95.727,
"SWE","ENROLMENT","AGE_18","PC_AGE","A","2015",96.004,
"SWE","ENROLMENT","AGE_18","PC_AGE","A","2016",95.957,
"SWE","ENROLMENT","AGE_18","PC_AGE","A","2017",97.659,
"SWE","ENROLMENT","AGE_18","PC_AGE","A","2018",100,
"SWE","ENROLMENT","AGE_18","PC_AGE","A","2019",96.534,
"SWE","ENROLMENT","AGE_18","PC_AGE","A","2020",95.217,
"SWE","ENROLMENT","AGE_19","PC_AGE","A","2013",43.008,
"SWE","ENROLMENT","AGE_19","PC_AGE","A","2014",42.021,
"SWE","ENROLMENT","AGE_19","PC_AGE","A","2015",44.026,
"SWE","ENROLMENT","AGE_19","PC_AGE","A","2016",43.073,
"SWE","ENROLMENT","AGE_19","PC_AGE","A","2017",45.334,
"SWE","ENROLMENT","AGE_19","PC_AGE","A","2018",45.954,
"SWE","ENROLMENT","AGE_19","PC_AGE","A","2019",48.073,
"SWE","ENROLMENT","AGE_19","PC_AGE","A","2020",44.223,
"CHE","ENROLMENT","AGE_17","PC_AGE","A","2013",91.222,
"CHE","ENROLMENT","AGE_17","PC_AGE","A","2014",91.43,
"CHE","ENROLMENT","AGE_17","PC_AGE","A","2015",91.736,
"CHE","ENROLMENT","AGE_17","PC_AGE","A","2016",91.284,
"CHE","ENROLMENT","AGE_17","PC_AGE","A","2017",91.223,
"CHE","ENROLMENT","AGE_17","PC_AGE","A","2018",91.032,
"CHE","ENROLMENT","AGE_17","PC_AGE","A","2019",91.31,
"CHE","ENROLMENT","AGE_17","PC_AGE","A","2020",91.668,
"CHE","ENROLMENT","AGE_18","PC_AGE","A","2013",84.596,
"CHE","ENROLMENT","AGE_18","PC_AGE","A","2014",84.317,
"CHE","ENROLMENT","AGE_18","PC_AGE","A","2015",84.539,
"CHE","ENROLMENT","AGE_18","PC_AGE","A","2016",83.736,
"CHE","ENROLMENT","AGE_18","PC_AGE","A","2017",83.09,
"CHE","ENROLMENT","AGE_18","PC_AGE","A","2018",83.438,
"CHE","ENROLMENT","AGE_18","PC_AGE","A","2019",82.971,
"CHE","ENROLMENT","AGE_18","PC_AGE","A","2020",83.342,
"CHE","ENROLMENT","AGE_19","PC_AGE","A","2013",62.776,
"CHE","ENROLMENT","AGE_19","PC_AGE","A","2014",62.199,
"CHE","ENROLMENT","AGE_19","PC_AGE","A","2015",62.64,
"CHE","ENROLMENT","AGE_19","PC_AGE","A","2016",61.484,
"CHE","ENROLMENT","AGE_19","PC_AGE","A","2017",60.649,
"CHE","ENROLMENT","AGE_19","PC_AGE","A","2018",61.426,
"CHE","ENROLMENT","AGE_19","PC_AGE","A","2019",61.693,
"CHE","ENROLMENT","AGE_19","PC_AGE","A","2020",61.806,
"TUR","ENROLMENT","AGE_17","PC_AGE","A","2013",73.536,
"TUR","ENROLMENT","AGE_17","PC_AGE","A","2014",73.998,
"TUR","ENROLMENT","AGE_17","PC_AGE","A","2015",74.297,
"TUR","ENROLMENT","AGE_17","PC_AGE","A","2016",77.265,
"TUR","ENROLMENT","AGE_17","PC_AGE","A","2017",79.707,
"TUR","ENROLMENT","AGE_17","PC_AGE","A","2018",81.26,
"TUR","ENROLMENT","AGE_17","PC_AGE","A","2019",81.783,
"TUR","ENROLMENT","AGE_17","PC_AGE","A","2020",82.618,
"TUR","ENROLMENT","AGE_18","PC_AGE","A","2013",55.167,
"TUR","ENROLMENT","AGE_18","PC_AGE","A","2014",51.721,
"TUR","ENROLMENT","AGE_18","PC_AGE","A","2015",45.659,
"TUR","ENROLMENT","AGE_18","PC_AGE","A","2016",51.951,
"TUR","ENROLMENT","AGE_18","PC_AGE","A","2017",50.987,
"TUR","ENROLMENT","AGE_18","PC_AGE","A","2018",48.45,
"TUR","ENROLMENT","AGE_18","PC_AGE","A","2019",39.705,
"TUR","ENROLMENT","AGE_18","PC_AGE","A","2020",38.06,
"TUR","ENROLMENT","AGE_19","PC_AGE","A","2013",47.163,
"TUR","ENROLMENT","AGE_19","PC_AGE","A","2014",55.178,
"TUR","ENROLMENT","AGE_19","PC_AGE","A","2015",52.505,
"TUR","ENROLMENT","AGE_19","PC_AGE","A","2016",51.346,
"TUR","ENROLMENT","AGE_19","PC_AGE","A","2017",51.676,
"TUR","ENROLMENT","AGE_19","PC_AGE","A","2018",47.339,
"TUR","ENROLMENT","AGE_19","PC_AGE","A","2019",46.698,
"TUR","ENROLMENT","AGE_19","PC_AGE","A","2020",45.142,
"GBR","ENROLMENT","AGE_17","PC_AGE","A","2013",90.307,
"GBR","ENROLMENT","AGE_17","PC_AGE","A","2014",90.097,
"GBR","ENROLMENT","AGE_17","PC_AGE","A","2015",92.768,
"GBR","ENROLMENT","AGE_17","PC_AGE","A","2016",94.254,
"GBR","ENROLMENT","AGE_17","PC_AGE","A","2017",93.889,
"GBR","ENROLMENT","AGE_17","PC_AGE","A","2018",92.315,
"GBR","ENROLMENT","AGE_17","PC_AGE","A","2019",92.146,
"GBR","ENROLMENT","AGE_17","PC_AGE","A","2020",90.427,
"GBR","ENROLMENT","AGE_18","PC_AGE","A","2013",67.366,
"GBR","ENROLMENT","AGE_18","PC_AGE","A","2014",61.068,
"GBR","ENROLMENT","AGE_18","PC_AGE","A","2015",60.228,
"GBR","ENROLMENT","AGE_18","PC_AGE","A","2016",71.294,
"GBR","ENROLMENT","AGE_18","PC_AGE","A","2017",70.378,
"GBR","ENROLMENT","AGE_18","PC_AGE","A","2018",68.907,
"GBR","ENROLMENT","AGE_18","PC_AGE","A","2019",69.002,
"GBR","ENROLMENT","AGE_18","PC_AGE","A","2020",68.826,
"GBR","ENROLMENT","AGE_19","PC_AGE","A","2013",58.581,
"GBR","ENROLMENT","AGE_19","PC_AGE","A","2014",56.55,
"GBR","ENROLMENT","AGE_19","PC_AGE","A","2015",57.563,
"GBR","ENROLMENT","AGE_19","PC_AGE","A","2016",60.898,
"GBR","ENROLMENT","AGE_19","PC_AGE","A","2017",62.71,
"GBR","ENROLMENT","AGE_19","PC_AGE","A","2018",61.726,
"GBR","ENROLMENT","AGE_19","PC_AGE","A","2019",62.376,
"GBR","ENROLMENT","AGE_19","PC_AGE","A","2020",63.194,
"USA","ENROLMENT","AGE_17","PC_AGE","A","2013",88.116,
"USA","ENROLMENT","AGE_17","PC_AGE","A","2014",84.238,
"USA","ENROLMENT","AGE_17","PC_AGE","A","2015",90.508,
"USA","ENROLMENT","AGE_17","PC_AGE","A","2016",87.678,
"USA","ENROLMENT","AGE_17","PC_AGE","A","2017",91.133,
"USA","ENROLMENT","AGE_17","PC_AGE","A","2018",89.779,
"USA","ENROLMENT","AGE_17","PC_AGE","A","2019",91.266,
"USA","ENROLMENT","AGE_17","PC_AGE","A","2020",92.421,
"USA","ENROLMENT","AGE_18","PC_AGE","A","2013",69.17,
"USA","ENROLMENT","AGE_18","PC_AGE","A","2014",69.469,
"USA","ENROLMENT","AGE_18","PC_AGE","A","2015",67.202,
"USA","ENROLMENT","AGE_18","PC_AGE","A","2016",68.351,
"USA","ENROLMENT","AGE_18","PC_AGE","A","2017",68.124,
"USA","ENROLMENT","AGE_18","PC_AGE","A","2018",68.775,
"USA","ENROLMENT","AGE_18","PC_AGE","A","2019",69.096,
"USA","ENROLMENT","AGE_18","PC_AGE","A","2020",71.4,
"USA","ENROLMENT","AGE_19","PC_AGE","A","2013",59.875,
"USA","ENROLMENT","AGE_19","PC_AGE","A","2014",59.969,
"USA","ENROLMENT","AGE_19","PC_AGE","A","2015",59.64,
"USA","ENROLMENT","AGE_19","PC_AGE","A","2016",58.63,
"USA","ENROLMENT","AGE_19","PC_AGE","A","2017",60.615,
"USA","ENROLMENT","AGE_19","PC_AGE","A","2018",60.694,
"USA","ENROLMENT","AGE_19","PC_AGE","A","2019",58.336,
"USA","ENROLMENT","AGE_19","PC_AGE","A","2020",60.78,
"BRA","ENROLMENT","AGE_17","PC_AGE","A","2013",69.87,
"BRA","ENROLMENT","AGE_17","PC_AGE","A","2014",71.166,
"BRA","ENROLMENT","AGE_17","PC_AGE","A","2015",74.709,
"BRA","ENROLMENT","AGE_17","PC_AGE","A","2016",70.744,
"BRA","ENROLMENT","AGE_17","PC_AGE","A","2017",72.263,
"BRA","ENROLMENT","AGE_17","PC_AGE","A","2018",73.722,
"BRA","ENROLMENT","AGE_17","PC_AGE","A","2019",74.582,
"BRA","ENROLMENT","AGE_17","PC_AGE","A","2020",73.851,
"BRA","ENROLMENT","AGE_18","PC_AGE","A","2013",49.833,
"BRA","ENROLMENT","AGE_18","PC_AGE","A","2014",50.239,
"BRA","ENROLMENT","AGE_18","PC_AGE","A","2015",49.828,
"BRA","ENROLMENT","AGE_18","PC_AGE","A","2016",49.995,
"BRA","ENROLMENT","AGE_18","PC_AGE","A","2017",50.341,
"BRA","ENROLMENT","AGE_18","PC_AGE","A","2018",50.807,
"BRA","ENROLMENT","AGE_18","PC_AGE","A","2019",50.05,
"BRA","ENROLMENT","AGE_18","PC_AGE","A","2020",50.159,
"BRA","ENROLMENT","AGE_19","PC_AGE","A","2013",39.269,
"BRA","ENROLMENT","AGE_19","PC_AGE","A","2014",40.854,
"BRA","ENROLMENT","AGE_19","PC_AGE","A","2015",40.454,
"BRA","ENROLMENT","AGE_19","PC_AGE","A","2016",42.868,
"BRA","ENROLMENT","AGE_19","PC_AGE","A","2017",41.873,
"BRA","ENROLMENT","AGE_19","PC_AGE","A","2018",41.93,
"BRA","ENROLMENT","AGE_19","PC_AGE","A","2019",40.374,
"BRA","ENROLMENT","AGE_19","PC_AGE","A","2020",39.57,
"CHL","ENROLMENT","AGE_17","PC_AGE","A","2013",88.377,
"CHL","ENROLMENT","AGE_17","PC_AGE","A","2014",90.522,
"CHL","ENROLMENT","AGE_17","PC_AGE","A","2015",89.987,
"CHL","ENROLMENT","AGE_17","PC_AGE","A","2016",91.755,
"CHL","ENROLMENT","AGE_17","PC_AGE","A","2017",90.768,
"CHL","ENROLMENT","AGE_17","PC_AGE","A","2018",93.705,
"CHL","ENROLMENT","AGE_17","PC_AGE","A","2019",92.419,
"CHL","ENROLMENT","AGE_17","PC_AGE","A","2020",93.509,
"CHL","ENROLMENT","AGE_18","PC_AGE","A","2013",62.167,
"CHL","ENROLMENT","AGE_18","PC_AGE","A","2014",62.525,
"CHL","ENROLMENT","AGE_18","PC_AGE","A","2015",65.026,
"CHL","ENROLMENT","AGE_18","PC_AGE","A","2016",64.057,
"CHL","ENROLMENT","AGE_18","PC_AGE","A","2017",65.435,
"CHL","ENROLMENT","AGE_18","PC_AGE","A","2018",64.778,
"CHL","ENROLMENT","AGE_18","PC_AGE","A","2019",66.531,
"CHL","ENROLMENT","AGE_18","PC_AGE","A","2020",65.245,
"CHL","ENROLMENT","AGE_19","PC_AGE","A","2013",54.684,
"CHL","ENROLMENT","AGE_19","PC_AGE","A","2014",56.175,
"CHL","ENROLMENT","AGE_19","PC_AGE","A","2015",56.909,
"CHL","ENROLMENT","AGE_19","PC_AGE","A","2016",59.177,
"CHL","ENROLMENT","AGE_19","PC_AGE","A","2017",59.236,
"CHL","ENROLMENT","AGE_19","PC_AGE","A","2018",60.783,
"CHL","ENROLMENT","AGE_19","PC_AGE","A","2019",60.381,
"CHL","ENROLMENT","AGE_19","PC_AGE","A","2020",61.64,
"COL","ENROLMENT","AGE_17","PC_AGE","A","2016",54.902,
"COL","ENROLMENT","AGE_17","PC_AGE","A","2017",57.679,
"COL","ENROLMENT","AGE_17","PC_AGE","A","2018",56.76,
"COL","ENROLMENT","AGE_17","PC_AGE","A","2019",55.509,
"COL","ENROLMENT","AGE_17","PC_AGE","A","2020",56.047,
"COL","ENROLMENT","AGE_18","PC_AGE","A","2016",43.785,
"COL","ENROLMENT","AGE_18","PC_AGE","A","2017",44.054,
"COL","ENROLMENT","AGE_18","PC_AGE","A","2018",44.742,
"COL","ENROLMENT","AGE_18","PC_AGE","A","2019",45.237,
"COL","ENROLMENT","AGE_18","PC_AGE","A","2020",43.464,
"COL","ENROLMENT","AGE_19","PC_AGE","A","2016",37.244,
"COL","ENROLMENT","AGE_19","PC_AGE","A","2017",37.05,
"COL","ENROLMENT","AGE_19","PC_AGE","A","2018",36.348,
"COL","ENROLMENT","AGE_19","PC_AGE","A","2019",38.191,
"COL","ENROLMENT","AGE_19","PC_AGE","A","2020",37.18,
"CRI","ENROLMENT","AGE_17","PC_AGE","A","2020",63.753,
"CRI","ENROLMENT","AGE_18","PC_AGE","A","2020",44.892,
"CRI","ENROLMENT","AGE_19","PC_AGE","A","2020",35.814,
"EST","ENROLMENT","AGE_17","PC_AGE","A","2013",94.906,
"EST","ENROLMENT","AGE_17","PC_AGE","A","2014",95.316,
"EST","ENROLMENT","AGE_17","PC_AGE","A","2015",94.468,
"EST","ENROLMENT","AGE_17","PC_AGE","A","2016",94.029,
"EST","ENROLMENT","AGE_17","PC_AGE","A","2017",93.803,
"EST","ENROLMENT","AGE_17","PC_AGE","A","2018",93.661,
"EST","ENROLMENT","AGE_17","PC_AGE","A","2019",93.194,
"EST","ENROLMENT","AGE_17","PC_AGE","A","2020",93.567,
"EST","ENROLMENT","AGE_18","PC_AGE","A","2013",87.697,
"EST","ENROLMENT","AGE_18","PC_AGE","A","2014",89.666,
"EST","ENROLMENT","AGE_18","PC_AGE","A","2015",90.358,
"EST","ENROLMENT","AGE_18","PC_AGE","A","2016",89.032,
"EST","ENROLMENT","AGE_18","PC_AGE","A","2017",89.227,
"EST","ENROLMENT","AGE_18","PC_AGE","A","2018",89.404,
"EST","ENROLMENT","AGE_18","PC_AGE","A","2019",89.344,
"EST","ENROLMENT","AGE_18","PC_AGE","A","2020",88.838,
"EST","ENROLMENT","AGE_19","PC_AGE","A","2013",68.71,
"EST","ENROLMENT","AGE_19","PC_AGE","A","2014",69.099,
"EST","ENROLMENT","AGE_19","PC_AGE","A","2015",66.886,
"EST","ENROLMENT","AGE_19","PC_AGE","A","2016",66.465,
"EST","ENROLMENT","AGE_19","PC_AGE","A","2017",64.577,
"EST","ENROLMENT","AGE_19","PC_AGE","A","2018",62.686,
"EST","ENROLMENT","AGE_19","PC_AGE","A","2019",60.514,
"EST","ENROLMENT","AGE_19","PC_AGE","A","2020",57.563,
"ISR","ENROLMENT","AGE_17","PC_AGE","A","2013",89.725,
"ISR","ENROLMENT","AGE_17","PC_AGE","A","2014",90.622,
"ISR","ENROLMENT","AGE_17","PC_AGE","A","2015",90.919,
"ISR","ENROLMENT","AGE_17","PC_AGE","A","2016",92.051,
"ISR","ENROLMENT","AGE_17","PC_AGE","A","2017",91.829,
"ISR","ENROLMENT","AGE_17","PC_AGE","A","2018",91.489,
"ISR","ENROLMENT","AGE_17","PC_AGE","A","2019",91.763,
"ISR","ENROLMENT","AGE_17","PC_AGE","A","2020",92.158,
"ISR","ENROLMENT","AGE_18","PC_AGE","A","2013",25.765,
"ISR","ENROLMENT","AGE_18","PC_AGE","A","2014",24.606,
"ISR","ENROLMENT","AGE_18","PC_AGE","A","2015",25.909,
"ISR","ENROLMENT","AGE_18","PC_AGE","A","2016",24.904,
"ISR","ENROLMENT","AGE_18","PC_AGE","A","2017",25.149,
"ISR","ENROLMENT","AGE_18","PC_AGE","A","2018",26.537,
"ISR","ENROLMENT","AGE_18","PC_AGE","A","2019",25.194,
"ISR","ENROLMENT","AGE_18","PC_AGE","A","2020",26.73,
"ISR","ENROLMENT","AGE_19","PC_AGE","A","2013",14.827,
"ISR","ENROLMENT","AGE_19","PC_AGE","A","2014",15.331,
"ISR","ENROLMENT","AGE_19","PC_AGE","A","2015",15.478,
"ISR","ENROLMENT","AGE_19","PC_AGE","A","2016",16.154,
"ISR","ENROLMENT","AGE_19","PC_AGE","A","2017",15.941,
"ISR","ENROLMENT","AGE_19","PC_AGE","A","2018",16.165,
"ISR","ENROLMENT","AGE_19","PC_AGE","A","2019",16.272,
"ISR","ENROLMENT","AGE_19","PC_AGE","A","2020",16.587,
"LVA","ENROLMENT","AGE_17","PC_AGE","A","2013",98.282,
"LVA","ENROLMENT","AGE_17","PC_AGE","A","2014",96.767,
"LVA","ENROLMENT","AGE_17","PC_AGE","A","2015",95.64,
"LVA","ENROLMENT","AGE_17","PC_AGE","A","2016",98.04,
"LVA","ENROLMENT","AGE_17","PC_AGE","A","2017",95.579,
"LVA","ENROLMENT","AGE_17","PC_AGE","A","2018",96.045,
"LVA","ENROLMENT","AGE_17","PC_AGE","A","2019",95.867,
"LVA","ENROLMENT","AGE_17","PC_AGE","A","2020",95.296,
"LVA","ENROLMENT","AGE_18","PC_AGE","A","2013",93.015,
"LVA","ENROLMENT","AGE_18","PC_AGE","A","2014",92.127,
"LVA","ENROLMENT","AGE_18","PC_AGE","A","2015",90.818,
"LVA","ENROLMENT","AGE_18","PC_AGE","A","2016",93.203,
"LVA","ENROLMENT","AGE_18","PC_AGE","A","2017",92.324,
"LVA","ENROLMENT","AGE_18","PC_AGE","A","2018",91.991,
"LVA","ENROLMENT","AGE_18","PC_AGE","A","2019",92.561,
"LVA","ENROLMENT","AGE_18","PC_AGE","A","2020",92.023,
"LVA","ENROLMENT","AGE_19","PC_AGE","A","2013",82.527,
"LVA","ENROLMENT","AGE_19","PC_AGE","A","2014",76.974,
"LVA","ENROLMENT","AGE_19","PC_AGE","A","2015",77.527,
"LVA","ENROLMENT","AGE_19","PC_AGE","A","2016",76.192,
"LVA","ENROLMENT","AGE_19","PC_AGE","A","2017",76.735,
"LVA","ENROLMENT","AGE_19","PC_AGE","A","2018",75.806,
"LVA","ENROLMENT","AGE_19","PC_AGE","A","2019",76.391,
"LVA","ENROLMENT","AGE_19","PC_AGE","A","2020",76.556,
"LTU","ENROLMENT","AGE_17","PC_AGE","A","2013",97.985,
"LTU","ENROLMENT","AGE_17","PC_AGE","A","2014",98.15,
"LTU","ENROLMENT","AGE_17","PC_AGE","A","2015",98.284,
"LTU","ENROLMENT","AGE_17","PC_AGE","A","2016",98.628,
"LTU","ENROLMENT","AGE_17","PC_AGE","A","2017",98.83,
"LTU","ENROLMENT","AGE_17","PC_AGE","A","2018",98.916,
"LTU","ENROLMENT","AGE_17","PC_AGE","A","2019",99.049,
"LTU","ENROLMENT","AGE_17","PC_AGE","A","2020",100,
"LTU","ENROLMENT","AGE_18","PC_AGE","A","2013",94.728,
"LTU","ENROLMENT","AGE_18","PC_AGE","A","2014",94.794,
"LTU","ENROLMENT","AGE_18","PC_AGE","A","2015",94.774,
"LTU","ENROLMENT","AGE_18","PC_AGE","A","2016",93.813,
"LTU","ENROLMENT","AGE_18","PC_AGE","A","2017",94.88,
"LTU","ENROLMENT","AGE_18","PC_AGE","A","2018",95.242,
"LTU","ENROLMENT","AGE_18","PC_AGE","A","2019",95.514,
"LTU","ENROLMENT","AGE_18","PC_AGE","A","2020",96.341,
"LTU","ENROLMENT","AGE_19","PC_AGE","A","2013",79.331,
"LTU","ENROLMENT","AGE_19","PC_AGE","A","2014",79.022,
"LTU","ENROLMENT","AGE_19","PC_AGE","A","2015",79.486,
"LTU","ENROLMENT","AGE_19","PC_AGE","A","2016",78.036,
"LTU","ENROLMENT","AGE_19","PC_AGE","A","2017",75.858,
"LTU","ENROLMENT","AGE_19","PC_AGE","A","2018",74.254,
"LTU","ENROLMENT","AGE_19","PC_AGE","A","2019",72.13,
"LTU","ENROLMENT","AGE_19","PC_AGE","A","2020",72.331,
"SVN","ENROLMENT","AGE_17","PC_AGE","A","2013",96.343,
"SVN","ENROLMENT","AGE_17","PC_AGE","A","2014",95.721,
"SVN","ENROLMENT","AGE_17","PC_AGE","A","2015",100,
"SVN","ENROLMENT","AGE_17","PC_AGE","A","2016",96.222,
"SVN","ENROLMENT","AGE_17","PC_AGE","A","2017",96.329,
"SVN","ENROLMENT","AGE_17","PC_AGE","A","2018",96.993,
"SVN","ENROLMENT","AGE_17","PC_AGE","A","2019",97.134,
"SVN","ENROLMENT","AGE_17","PC_AGE","A","2020",97.131,
"SVN","ENROLMENT","AGE_18","PC_AGE","A","2013",92.219,
"SVN","ENROLMENT","AGE_18","PC_AGE","A","2014",91.089,
"SVN","ENROLMENT","AGE_18","PC_AGE","A","2015",95.284,
"SVN","ENROLMENT","AGE_18","PC_AGE","A","2016",92.817,
"SVN","ENROLMENT","AGE_18","PC_AGE","A","2017",92.596,
"SVN","ENROLMENT","AGE_18","PC_AGE","A","2018",93.143,
"SVN","ENROLMENT","AGE_18","PC_AGE","A","2019",92.41,
"SVN","ENROLMENT","AGE_18","PC_AGE","A","2020",93.166,
"SVN","ENROLMENT","AGE_19","PC_AGE","A","2013",79.804,
"SVN","ENROLMENT","AGE_19","PC_AGE","A","2014",79.581,
"SVN","ENROLMENT","AGE_19","PC_AGE","A","2015",80.684,
"SVN","ENROLMENT","AGE_19","PC_AGE","A","2016",83.646,
"SVN","ENROLMENT","AGE_19","PC_AGE","A","2017",84.879,
"SVN","ENROLMENT","AGE_19","PC_AGE","A","2018",85.133,
"SVN","ENROLMENT","AGE_19","PC_AGE","A","2019",85.274,
"SVN","ENROLMENT","AGE_19","PC_AGE","A","2020",85.991,
"OAVG","ENROLMENT","AGE_17","PC_AGE","A","2013",91.148,
"OAVG","ENROLMENT","AGE_17","PC_AGE","A","2014",90.956,
"OAVG","ENROLMENT","AGE_17","PC_AGE","A","2015",91.865,
"OAVG","ENROLMENT","AGE_17","PC_AGE","A","2016",90.648,
"OAVG","ENROLMENT","AGE_17","PC_AGE","A","2017",90.732,
"OAVG","ENROLMENT","AGE_17","PC_AGE","A","2018",90.575,
"OAVG","ENROLMENT","AGE_17","PC_AGE","A","2019",91.043,
"OAVG","ENROLMENT","AGE_17","PC_AGE","A","2020",89.789,
"OAVG","ENROLMENT","AGE_18","PC_AGE","A","2013",78.067,
"OAVG","ENROLMENT","AGE_18","PC_AGE","A","2014",77.764,
"OAVG","ENROLMENT","AGE_18","PC_AGE","A","2015",77.633,
"OAVG","ENROLMENT","AGE_18","PC_AGE","A","2016",77.004,
"OAVG","ENROLMENT","AGE_18","PC_AGE","A","2017",77.181,
"OAVG","ENROLMENT","AGE_18","PC_AGE","A","2018",76.754,
"OAVG","ENROLMENT","AGE_18","PC_AGE","A","2019",77.159,
"OAVG","ENROLMENT","AGE_18","PC_AGE","A","2020",75.735,
"OAVG","ENROLMENT","AGE_19","PC_AGE","A","2013",61.606,
"OAVG","ENROLMENT","AGE_19","PC_AGE","A","2014",62.005,
"OAVG","ENROLMENT","AGE_19","PC_AGE","A","2015",62.267,
"OAVG","ENROLMENT","AGE_19","PC_AGE","A","2016",62.381,
"OAVG","ENROLMENT","AGE_19","PC_AGE","A","2017",62.481,
"OAVG","ENROLMENT","AGE_19","PC_AGE","A","2018",61.977,
"OAVG","ENROLMENT","AGE_19","PC_AGE","A","2019",61.619,
"OAVG","ENROLMENT","AGE_19","PC_AGE","A","2020",60.911,
"BGR","ENROLMENT","AGE_17","PC_AGE","A","2013",85.708,
"BGR","ENROLMENT","AGE_17","PC_AGE","A","2014",86.372,
"BGR","ENROLMENT","AGE_17","PC_AGE","A","2015",85.932,
"BGR","ENROLMENT","AGE_17","PC_AGE","A","2016",85.998,
"BGR","ENROLMENT","AGE_17","PC_AGE","A","2017",83.428,
"BGR","ENROLMENT","AGE_17","PC_AGE","A","2018",81.985,
"BGR","ENROLMENT","AGE_17","PC_AGE","A","2019",80.991,
"BGR","ENROLMENT","AGE_17","PC_AGE","A","2020",80.31,
"BGR","ENROLMENT","AGE_18","PC_AGE","A","2013",80.112,
"BGR","ENROLMENT","AGE_18","PC_AGE","A","2014",82.467,
"BGR","ENROLMENT","AGE_18","PC_AGE","A","2015",81.591,
"BGR","ENROLMENT","AGE_18","PC_AGE","A","2016",82.182,
"BGR","ENROLMENT","AGE_18","PC_AGE","A","2017",82.518,
"BGR","ENROLMENT","AGE_18","PC_AGE","A","2018",79.683,
"BGR","ENROLMENT","AGE_18","PC_AGE","A","2019",77.301,
"BGR","ENROLMENT","AGE_18","PC_AGE","A","2020",76.784,
"BGR","ENROLMENT","AGE_19","PC_AGE","A","2013",51.613,
"BGR","ENROLMENT","AGE_19","PC_AGE","A","2014",51.719,
"BGR","ENROLMENT","AGE_19","PC_AGE","A","2015",53.2,
"BGR","ENROLMENT","AGE_19","PC_AGE","A","2016",52.546,
"BGR","ENROLMENT","AGE_19","PC_AGE","A","2017",53.992,
"BGR","ENROLMENT","AGE_19","PC_AGE","A","2018",53.685,
"BGR","ENROLMENT","AGE_19","PC_AGE","A","2019",51.112,
"BGR","ENROLMENT","AGE_19","PC_AGE","A","2020",50.324,
"HRV","ENROLMENT","AGE_17","PC_AGE","A","2014",91.107,
"HRV","ENROLMENT","AGE_17","PC_AGE","A","2015",92.193,
"HRV","ENROLMENT","AGE_17","PC_AGE","A","2016",91.994,
"HRV","ENROLMENT","AGE_17","PC_AGE","A","2017",92.631,
"HRV","ENROLMENT","AGE_17","PC_AGE","A","2018",92.093,
"HRV","ENROLMENT","AGE_17","PC_AGE","A","2019",91.959,
"HRV","ENROLMENT","AGE_17","PC_AGE","A","2020",92.396,
"HRV","ENROLMENT","AGE_18","PC_AGE","A","2014",70.454,
"HRV","ENROLMENT","AGE_18","PC_AGE","A","2015",70.657,
"HRV","ENROLMENT","AGE_18","PC_AGE","A","2016",69.803,
"HRV","ENROLMENT","AGE_18","PC_AGE","A","2017",71.308,
"HRV","ENROLMENT","AGE_18","PC_AGE","A","2018",72.537,
"HRV","ENROLMENT","AGE_18","PC_AGE","A","2019",71.348,
"HRV","ENROLMENT","AGE_18","PC_AGE","A","2020",70.775,
"HRV","ENROLMENT","AGE_19","PC_AGE","A","2014",52.211,
"HRV","ENROLMENT","AGE_19","PC_AGE","A","2015",51.626,
"HRV","ENROLMENT","AGE_19","PC_AGE","A","2016",50.088,
"HRV","ENROLMENT","AGE_19","PC_AGE","A","2017",50.904,
"HRV","ENROLMENT","AGE_19","PC_AGE","A","2018",51.409,
"HRV","ENROLMENT","AGE_19","PC_AGE","A","2019",51.105,
"HRV","ENROLMENT","AGE_19","PC_AGE","A","2020",51.459,
"ROU","ENROLMENT","AGE_17","PC_AGE","A","2013",79.674,
"ROU","ENROLMENT","AGE_17","PC_AGE","A","2015",77.459,
"ROU","ENROLMENT","AGE_17","PC_AGE","A","2016",76.571,
"ROU","ENROLMENT","AGE_17","PC_AGE","A","2017",77.168,
"ROU","ENROLMENT","AGE_17","PC_AGE","A","2018",77.264,
"ROU","ENROLMENT","AGE_17","PC_AGE","A","2019",78.047,
"ROU","ENROLMENT","AGE_17","PC_AGE","A","2020",78.071,
"ROU","ENROLMENT","AGE_18","PC_AGE","A","2013",77.748,
"ROU","ENROLMENT","AGE_18","PC_AGE","A","2015",76.658,
"ROU","ENROLMENT","AGE_18","PC_AGE","A","2016",65.353,
"ROU","ENROLMENT","AGE_18","PC_AGE","A","2017",65.534,
"ROU","ENROLMENT","AGE_18","PC_AGE","A","2018",66.572,
"ROU","ENROLMENT","AGE_18","PC_AGE","A","2019",65.788,
"ROU","ENROLMENT","AGE_18","PC_AGE","A","2020",65.873,
"ROU","ENROLMENT","AGE_19","PC_AGE","A","2013",53.727,
"ROU","ENROLMENT","AGE_19","PC_AGE","A","2015",47.594,
"ROU","ENROLMENT","AGE_19","PC_AGE","A","2016",47.031,
